<?xml version="1.0" encoding="UTF-8" standalone="yes"?>
<addon id="metadata.themoviedb.org" name="The Movie Database" patch="3.0.18">
  <patch id="01" versions="5.1.5:5.1.11">
    <references>
      <file hash="e0bc6798676879e61502ec0d57f3be83">resources/language/resource.language.en_gb/strings.po</file>
      <file hash="100b8fa4b9df6e04e01b3d473209f39b|843df19d84da1150e860dae5cbaa228d|567cb968639e0d2b6497aa29bc7ad478|4324bff97be54950065edaf6fe8b54c4">resources/settings.xml</file>
    </references>
    <action id="01" type="COPYFILE" file="resources/language/resource.language.sk_sk/strings.po" source="resources/5_1/language/resource.language.sk_sk/strings.po"></action>
    <action id="02" type="XMLUPDATE" file="addon.xml">
      <element xpath="./extension[@point='xbmc.addon.metadata']">
        <summary lang="sk_SK">Sťahovač filmových metadát z TMDB</summary>
        <description lang="sk_SK">themoviedb.org je voľná a otvorená databáza filmov. Je výlučne vedená užívateľmi ako si ty. TMDb je každý mesiac používaná miliónmi ľudí, a vďaka svojmu výkonnému API je veľmi populárna medzi 'media centrami' ako Kodi pre sťahovanie filmových metadát, plagátov a fanartov pre obohatenie  zážitkov.</description>
      </element>
    </action>
    <action id="03" type="COPYFILE" file="resources/settings.xml" source="resources/5_1/settings.xml"></action>
  </patch>
  <patch id="02" versions="5.2.0">
    <references>
      <file hash="701c4054ff847fc4cfd9da3bb8a2742d">resources/language/resource.language.en_gb/strings.po</file>
      <file hash="55668a52defbb267e67baeb40141d682|a932b76f672e11670608bd92496cc328">resources/settings.xml</file>
    </references>
    <action id="01" type="COPYFILE" file="resources/language/resource.language.sk_sk/strings.po" source="resources/5_2/language/resource.language.sk_sk/strings.po"></action>
    <action id="02" type="XMLUPDATE" file="addon.xml">
      <element xpath="./extension[@point='xbmc.addon.metadata']">
        <summary lang="sk_SK">Sťahovač filmových metadát z TMDB</summary>
        <description lang="sk_SK">themoviedb.org je voľná a otvorená databáza filmov. Je výlučne vedená užívateľmi ako si ty. TMDb je každý mesiac používaná miliónmi ľudí, a vďaka svojmu výkonnému API je veľmi populárna medzi 'media centrami' ako Kodi pre sťahovanie filmových metadát, plagátov a fanartov pre obohatenie  zážitkov.</description>
      </element>
    </action>
    <action id="03" type="COPYFILE" file="resources/settings.xml" source="resources/5_2/settings.xml"></action>
  </patch>
  <patch id="03" versions="5.2.1:5.2.4">
    <references>
      <file hash="701c4054ff847fc4cfd9da3bb8a2742d">resources/language/resource.language.en_gb/strings.po</file>
      <file hash="331e57166ffe4f710ebb3857e9cc1a53|ff347fb4a4f1f55ded8f36d3c886946d|e3e59155649c2c740250d8aca6dab079|b2a9f00e93440b966b12c05454ed90e0">resources/settings.xml</file>
    </references>
    <action id="01" type="COPYFILE" file="resources/language/resource.language.sk_sk/strings.po" source="resources/5_2_1/language/resource.language.sk_sk/strings.po"></action>
    <action id="02" type="XMLUPDATE" file="addon.xml">
      <element xpath="./extension[@point='xbmc.addon.metadata']">
        <summary lang="sk_SK">Sťahovač filmových metadát z TMDB</summary>
        <description lang="sk_SK">themoviedb.org je voľná a otvorená databáza filmov. Je výlučne vedená užívateľmi ako si ty. TMDb je každý mesiac používaná miliónmi ľudí, a vďaka svojmu výkonnému API je veľmi populárna medzi 'media centrami' ako Kodi pre sťahovanie filmových metadát, plagátov a fanartov pre obohatenie  zážitkov.</description>
      </element>
    </action>
    <action id="03" type="COPYFILE" file="resources/settings.xml" source="resources/5_2_1/settings.xml"></action>
  </patch>
</addon>