<?xml version="1.0" encoding="utf-8" standalone="yes"?>
<addon id="metadata.artists.universal" name="Universal Artist Scraper" patch="2.0.0">
  <patch id="01" versions="4.3.0">
    <action id="01" type="XMLUPDATE" file="addon.xml" caption="">
      <element xpath="./extension[@point='xbmc.addon.metadata']">
        <summary lang="sk">Univerzálny zdroj získavania dát o umelcoch</summary>
      </element>
    </action>
    <action id="02" type="COPYFILE" file="resources/language/Slovak/strings.po" source="resources/language/resource.language.sk_sk/strings.po" caption=""></action>
  </patch>
  <patch id="02" versions="4.3.1:4.3.2">
    <references>
      <file hash="751402b7bd1f06eb9f87eb757cfdcec4">resources/language/resource.language.en_gb/strings.po</file>
    </references>
    <action id="01" type="XMLUPDATE" file="addon.xml" caption="">
      <element xpath="./extension[@point='xbmc.addon.metadata']">
        <summary lang="sk_SK">Univerzálny zdroj získavania dát o umelcoch</summary>
      </element>
    </action>
    <action id="02" type="COPYFILE" file="resources/language/resource.language.sk_sk/strings.po" caption=""></action>
  </patch>
</addon>