<?xml version="1.0" encoding="UTF-8" standalone="yes"?>
<addon id="repository.kodi.addons.valec" name="Valec Repository" version="1.0.0" provider-name="Miro &quot;Valec&quot; Valko">
    <requires>
        <import addon="xbmc.addon" version="12.0.0"/>
    </requires>
    <extension point="xbmc.addon.repository" name="Repozitár doplnkov s podporou slovenčiny">
        <dir minversion="17.9.0">
            <info compressed="false">https://github.com/mvalec/repo.kodi.addons.valec/raw/master/addons.xml</info>
            <checksum>https://github.com/mvalec/repo.kodi.addons.valec/raw/master/addons.xml.md5</checksum>
            <datadir zip="true">https://github.com/mvalec/repo.kodi.addons.valec/raw/master</datadir>
        </dir>
    </extension>
    <extension point="xbmc.addon.metadata">
        <summary lang="cz">Kodi doplňky s podporou slovenštiny</summary>
        <summary lang="en">Kodi addons with support Slovak language</summary>
        <summary lang="sk">Kodi doplnky s podporou slovenčiny</summary>
        <description lang="cs">Kolekce slovenských doplňků nebo modifikovaných doplňků, doplněných o podporu slovenštiny.[CR][CR]SK patch - přidání slevenštiny do některých doplňků</description>
        <description lang="en">Collection of addons created or modified for slovak support.[CR][CR]SK Patch - add slovak language for some addons</description>
        <description lang="sk">Kolekcia slovenských doplnkov resp. modifikovaných doplnkov, doplnených o podporu slovenčiny.[CR][CR]SK patch - doplnenie slovenskej lokalizácie do niektorých doplnkov</description>
		<platform>all</platform>
	</extension>
</addon>