<?xml version="1.0" encoding="UTF-8" standalone="yes"?>
<addon id="metadata.tvdb.com" name="The TVDB" patch="2.0.0">
  <patch id="01" versions="3.0.14">
    <action id="01" type="COPYFILE" file="resources/language/Slovak/strings.po"></action>
    <action id="02" type="COPYFILE" file="resources/settings.xml"></action>
    <action id="03" type="XMLUPDATE" file="addon.xml">
      <element xpath="./extension[@point='xbmc.addon.metadata']">
        <summary lang="sk">Sťahovač metadát o televíznych reláciách zo stránky TheTVDB.com</summary>
        <description lang="sk">TheTVDB.com je zdroj získavania dát ohľadom TV. Táto stránka je obrovskou otvorenou databázou, ktorú môže upravovať ktokoľvek a obsahuje úplné metadáta pre mnoho relácií v rôznych jazykoch. Všetok obsah a obrázky na stránke bol dodaný samotnými používateľmi pre ďalších používateľov a udržuje si vysoký štandard a kvalitu. Schéma databázy a webová stránka sú dostupné vo forme open source v súlade s licenciou GPL.</description>
      </element>    
    </action>
  </patch>
</addon>