<?xml version="1.0" encoding="UTF-8" standalone="yes"?>
<addon id="script.embuary.helper" name="Embuary Helper" patch="2.1.0">
  <patch id="01" versions="1.2.20:1.2.30">
    <references>
      <file hash="55956d67fdce8cc36bf0329d29287f52">resources/language/resource.language.en_GB/strings.po</file>
    </references>
    <action id="01" type="XMLUPDATE" file="addon.xml" caption="">
      <element xpath="./extension[@point='xbmc.addon.metadata']">
        <summary lang="sk_SK">Embuary Helper Script</summary>
        <description lang="sk_SK">Pomocný skript, ktorý poskytuje rôzne funkcie pre vzhľady, primárne pre vzhľad Embuary. Kompletnú dokumentáciu možno násjť na GitHube: https://github.com/sualfred/script.embuary.helper/wiki</description>
      </element>
    </action>
    <action id="02" type="COPYFILE" file="resources/language/resource.language.sk_sk/strings.po"></action>
  </patch>
</addon>