<?xml version="1.0" encoding="UTF-8" standalone="yes"?>
<addon id="metadata.serialzone.cz" name="SerialZone.cz" patch="2.0.2">
    <patch id="01" versions="2.5">
        <action id="01" type="COPYFILE" file="resources/language/Slovak/strings.xml"></action>
        <action id="02" type="XMLUPDATE" file="addon.xml">
            <element xpath="./extension[@point='xbmc.addon.metadata']">
                <summary lang="sk">Sťahovač metadát zo serialzone.cz</summary>
                <description lang="sk">Sťahuje informácie o seriáloch z webu serialzone.cz.</description>
                <disclaimer lang="sk">Pre nahlásenie chyby navštívte www.github.com/ekarorgit/metadata.serialzone.cz</disclaimer>
            </element>
        </action>
    </patch>
    <patch id="02" versions="2.6:9.9"></patch>
</addon>