<?xml version="1.0" encoding="UTF-8" standalone="yes"?>
<addon id="script.cu.lrclyrics">
  <patch versions = "5.5.13">
    <action id="01" type="COPYFILE" file="resources/language/resource.language.sk_SK/strings.po"></action>
    <action id="02" type="XMLUPDATE" file="addon.xml">
      <element xpath="./extension[@point='xbmc.addon.metadata']">
        <description lang="sk_SK">CU LRC Lyrics je doplnok poskytujúci texty skladieb pre Kodi. Podporuje tak bežné, ako aj LRC formáty. Doplnok môže vyhľadávať synchronizované/nesynchronizované vložené texty skladieb, uložené v samostatnom súbore alebo ich získať cez sťahovače. Dokáže čítať .lrc/.txt súbory v rovnakom priečinku a s rovnakým názvom ako .mp3 súbor (alebo iný hudobný súbor).</description>
      </element>    
    </action>
  </patch>
</addon>