<?xml version="1.0" encoding="UTF-8" standalone="yes"?>
<addon id="script.artistslideshow">
  <patch versions = "2.1.3">
    <action id="01" type="COPYFILE" file="resources/language/Slovak/strings.po"></action>
    <action id="02" type="XMLUPDATE" file="addon.xml">
      <element xpath="./extension[@point='xbmc.addon.metadata']">
        <summary lang="sk">Sťahovač obrázkov a dodatočných informácií o práve hrajúcich interpretoch</summary>
        <description lang="sk">Doplnok na sťahovanie obrázkov a dodatočných informácií z fanart.tv a theaudiodb.com o práve hraných interpretoch. Tieto obrázky, spolu s lokálnymi obrázkami umelca môžu byť využité vzhľadom pre vytvorenie prezentácie umelca, ktorého práve počúvate.</description>
      </element>    
    </action>
  </patch>
</addon>