<?xml version="1.0" encoding="UTF-8" standalone="yes"?>
<addon id="metadata.artists.universal" name="Universal Artist Scraper" patch="2.0.0">
  <patch id="01" versions="4.3.0">
    <action id="01" type="XMLUPDATE" file="addon.xml" caption="">
      <element xpath="./extension[@point='xbmc.addon.metadata']">
        <summary lang="sk">Univerzálny zdroj získavania dát o umelcoch</summary>
      </element>    
    </action>
    <action id="02" type="COPYFILE" file="resources/language/Slovak/strings.po" caption=""></action>
  </patch>
</addon>