<?xml version="1.0" encoding="UTF-8" standalone="yes"?>
<addon id="metadata.themoviedb.org">
  <patch versions = "5.1.5">
    <action id="01" type="COPYFILE" file="resources/language/resource.language.sk_sk/strings.po"></action>
    <action id="02" type="XMLUPDATE" file="addon.xml">
      <element xpath="./extension[@point='xbmc.addon.metadata']">
        <summary lang="sk_SK">Sťahovač filmových metadát z TMDB</summary>
        <description lang="sk_SK">themoviedb.org je voľná a otvorená databáza filmov. Je výlučne vedená užívateľmi ako si ty. TMDb je každý mesiac používaná miliónmi ľudí, a vďaka svojmu výkonnému API je veľmi populárna medzi 'media centrami' ako Kodi pre sťahovanie filmových metadát, plagátov a fanartov pre obohatenie  zážitkov.</description>
      </element>    
    </action>
    <action id="03" type="COPYFILE" file="resources/settings.xml"></action>  
  </patch>
</addon>