<?xml version="1.0" encoding="UTF-8" standalone="yes"?>
<addon id="service.library.data.provider" name="Library Data Provider" patch="2.0.0">
  <patch id="01" versions="0.3.2">
    <references>
      <file hash="b1d611e6efb60cf3dccbbf01a9577a4f">resources/language/resource.language.en_gb/strings.po</file>
    </references>
    <action id="01" type="COPYFILE" file="resources/language/resource.language.sk_sk/strings.po"></action>
    <action id="02" type="XMLUPDATE" file="addon.xml">
      <element xpath="./extension[@point='xbmc.addon.metadata']">
        <summary lang="sk">Prehliadanie filmov a epizód seriálov prostredníctvom rôzne zoradených zoznamov.</summary>
        <description lang="sk">Modul pre vzhľady poskytujúci údaje z knižnice. Taktiež môže byť použitý ako samostatný doplnok pre prehliadanie zoznamov video knižnice.</description>
        <disclaimer lang="sk" />
      </element>
    </action>
  </patch>
</addon>