<?xml version="1.0" encoding="UTF-8" standalone="yes"?>
<addon id="script.artistslideshow" name="Artist Slideshow" patch="2.0.0">
  <patch id="01" versions="2.1.3:2.1.4">
    <references>
      <file hash="941d170701f22eb8fa13299d44e1604e">resources/language/English/strings.po</file>
    </references>
    <action id="01" type="COPYFILE" file="resources/language/Slovak/strings.po"></action>
    <action id="02" type="XMLUPDATE" file="addon.xml">
      <element xpath="./extension[@point='xbmc.addon.metadata']">
        <summary lang="sk">Sťahovač obrázkov a dodatočných informácií o práve hrajúcich interpretoch</summary>
        <description lang="sk">Doplnok na sťahovanie obrázkov a dodatočných informácií z fanart.tv a theaudiodb.com o práve hraných interpretoch. Tieto obrázky, spolu s lokálnymi obrázkami umelca môžu byť využité vzhľadom pre vytvorenie prezentácie umelca, ktorého práve počúvate.</description>
      </element>    
    </action>
  </patch>
</addon>