<?xml version="1.0" encoding="UTF-8" standalone="yes"?>
<addon id="script.embuary.helper" name="Embuary Helper" patch="2.0.0">
  <patch id="01" versions="1.2.20:1.2.22">
    <action id="01" type="XMLUPDATE" file="addon.xml" caption="">
      <element xpath="./extension[@point='xbmc.addon.metadata']">
        <summary lang="sk_SK">Embuary Helper Script</summary>
		<description lang="sk_SK">Pomocný skript, ktorý poskytuje rôzne funkcie pre vzhľady, primárne pre vzhľad Embuary. Kompletnú dokumentáciu možno násjť na GitHube: https://github.com/sualfred/script.embuary.helper/wiki</description>
      </element>    
    </action>
    <action id="02" type="COPYFILE" file="resources/language/resource.language.sk_sk/strings.po"></action>
  </patch>
</addon>