<?xml version="1.0" encoding="UTF-8" standalone="yes"?>
<addon id="script.skin.helper.widgets">
  <patch versions = "1.0.22:1.0.38">
    <action id="01" type="COPYFILE" file="resources/language/resource.language.sk_sk/strings.po"></action>
    <action id="02" type="XMLUPDATE" file="addon.xml">
      <element xpath="./extension[@point='xbmc.addon.metadata']">
        <summary lang="sk">Podpora pre použitie miniaplikácií pre všetky typy médií</summary>
      </element>    
    </action>  
  </patch>
</addon>