<?xml version="1.0" encoding="UTF-8" standalone="yes"?>
<addon id="script.module.metadatautils" name="Metadata and Artwork module" patch="2.0.0">
  <patch id="01" versions="1.0.0:1.0.19">
    <action id="01" type="COPYFILE" file="resources/language/resource.language.sk_sk/strings.po"></action>
    <action id="02" type="XMLUPDATE" file="addon.xml">
      <element xpath="./extension[@point='xbmc.addon.metadata']">
        <summary lang="sk">Sťahovač umeleckej grafiky a metadát z bežných zdrojov ako TMDB, IMDB, TADB a fanart.tv </summary>
        <description lang="sk">The metadata and artwork module for Kodi provides rich metadata, including artwork for various metatypes by scraping (and caching) this information from sites like TMDB, musicbrainz and fanart.tv.[CR][CR]This product uses the TMDb API but is not endorsed or certified by TMDb.</description>
      </element>    
    </action>  
  </patch>
</addon>