<?xml version="1.0" encoding="UTF-8" standalone="yes"?>
<addon id="skin.aeon.nox.silvo" name="Aeon Nox: SiLVO" patch="2.0.0">
  <patch id="01" versions="6.1.8:7.0.0">
    <action id="01" type="COPYFILE" file="language/resource.language.sk_sk/strings.po" source="common/language/resource.language.sk_sk/strings.po"></action>
    <action id="02" type="COPYFILE" file="16x9/Variables_Widgets.xml" source="common/16x9/Variables_Widgets.xml"></action>
    <action id="03" type="COPYFILE" file="16x9/Includes_ViewSettings.xml" source="common/16x9/Includes_ViewSettings.xml"></action>
    <action id="04" type="COPYFILE" file="shortcuts/overrides.xml" source="common/shortcuts/overrides.xml"></action>
  </patch>
  <patch id="02" versions="7.0.1">
    <action id="01" type="COPYFILE" file="language/resource.language.sk_sk/strings.po" source="common/language/resource.language.sk_sk/strings.po"></action>
    <action id="02" type="COPYFILE" file="16x9/Includes_ViewSettings.xml" source="common/16x9/Includes_ViewSettings.xml"></action>
    <action id="03" type="COPYFILE" file="shortcuts/overrides.xml" source="common/shortcuts/overrides.xml"></action>
  </patch>
  <patch id="03" versions="7.0.2">
    <action id="01" type="COPYFILE" file="language/resource.language.sk_sk/strings.po" source="common/language/resource.language.sk_sk/strings.po"></action>
    <action id="02" type="COPYFILE" file="16x9/Includes_ViewSettings.xml" source="7.0.2/16x9/Includes_ViewSettings.xml"></action>
    <action id="03" type="COPYFILE" file="shortcuts/overrides.xml" source="common/shortcuts/overrides.xml"></action>
  </patch>
  <patch id="04" versions="7.0.3">
    <action id="01" type="COPYFILE" file="language/resource.language.sk_sk/strings.po" source="common/language/resource.language.sk_sk/strings.po"></action>
  </patch>
  <patch id="05" versions="7.0.4">
    <action id="01" type="COPYFILE" file="language/resource.language.sk_sk/strings.po" source="7.0.4/language/resource.language.sk_sk/strings.po"></action>
    <action id="02" type="COPYFILE" file="shortcuts/overrides.xml" source="7.0.4/shortcuts/overrides.xml"></action>
  </patch>
  </addon>