<?xml version="1.0" encoding="UTF-8" standalone="yes"?>
<addon id="script.skinshortcuts" name="Skin Shortcuts" patch="2.0.0">
  <patch id="01" versions="1.0.17:1.0.18">
    <references>
      <file hash="87f5cd8d0729c07f482c3767f0af31d2">resources/language/English/strings.po</file>
      <file hash="54a8c203130c567f877e14bbba6ea2ac|b2d0c50de905cc45381abe9ec73c2aa7">resources/settings.xml</file>
    </references>
    <action id="01" type="XMLUPDATE" file="addon.xml" caption="">
      <element xpath="./extension[@point='xbmc.addon.metadata']">
        <description lang="sk">Doplnok poskytujúci jednoduchý manažment zoznamu užívateľských odkazov (vyžaduje podporu v doplnku pre vzhľad)</description>
      </element>    
    </action>
    <action id="02" type="COPYFILE" file="resources/language/English/strings.po" caption=""></action>
    <action id="03" type="COPYFILE" file="resources/language/Slovak/strings.po" caption=""></action>
    <action id="04" type="COPYFILE" file="resources/settings.xml" caption=""></action>  
  </patch>
</addon>