<?xml version="1.0" encoding="UTF-8" standalone="yes"?>
<addon id="plugin.program.autocompletion" name="AutoCompletion for virtual keyboard" patch="2.0.0">
  <patch id="01" versions="1.0.1">
    <action id="01" type="COPYFILE" file="resources/language/Slovak/strings.po"></action>
    <action id="02" type="COPYFILE" file="resources/settings.xml"></action>
    <action id="03" type="XMLUPDATE" file="addon.xml">
      <element xpath="./extension[@point='xbmc.addon.metadata']">
        <summary lang="sk">Automatické dokončovanie pre virtuálnu klávesnicu (vyžaduje podporu vo vzhľade)</summary>
        <description lang="sk">Automatické dokončovanie pre virtuálnu klávesnicu (vyžaduje podporu vo vzhľade)</description>
      </element>    
    </action>
  </patch>
</addon>