<?xml version="1.0" encoding="UTF-8" standalone="yes"?>
<addon id="metadata.tvshows.themoviedb.org" name="The Movie Database" patch="2.0.0">
  <patch id="01" versions="3.1.0">
    <action id="01" type="COPYFILE" file="resources/language/Slovak/strings.po"></action>
    <action id="02" type="XMLUPDATE" file="addon.xml">
      <element xpath="./extension[@point='xbmc.addon.metadata']">
        <summary lang="sk">Sťahovač seriálových metadát z TMDB</summary>
        <description lang="sk">themoviedb.org je voľná a otvorená databáza filmov. Je výlučne vedená užívateľmi ako si ty. TMDb je každý mesiac používaná miliónmi ľudí, a vďaka svojmu výkonnému API je veľmi populárna medzi 'media centrami' ako Kodi pre sťahovanie filmových metadát, plagátov a fanartov pre obohatenie  zážitkov.</description>
      </element>    
    </action>
    <action id="03" type="COPYFILE" file="resources/settings.xml"></action>  
  </patch>
</addon>