<?xml version="1.0" encoding="UTF-8" standalone="yes"?>
<addon id="script.common.plugin.cache" name="Common plugin cache" patch="2.0.0">
  <patch id="01" versions="2.5.10">
    <references>
      <file hash="4efa4e40891133e3d2e6eaa523c9c68c">resources/language/English/strings.xml</file>
    </references>
    <action id="01" type="COPYFILE" file="resources/language/Slovak/strings.xml"></action>
    <action id="02" type="XMLUPDATE" file="addon.xml">
      <element xpath="./extension[@point='xbmc.addon.metadata']">
        <summary lang="sk">API spoločného ukladania do vyrovnávacej pamäte pre doplnky Kodi.</summary>
        <description lang="sk">API spoločného ukladania do vyrovnávacej pamäte pre doplnky Kodi.</description>
      </element>    
    </action>
  </patch>
</addon>