<?xml version="1.0" encoding="UTF-8" standalone="yes"?>
<addon id="script.skinshortcuts">
  <patch versions = "1.0.17">
    <action id="01" type="XMLUPDATE" file="addon.xml" caption="">
      <element xpath="./extension[@point='xbmc.addon.metadata']">
        <description lang="sk">Doplnok poskytujúci jednoduchý manažment zoznamu užívateľských odkazov (vyžaduje podporu v doplnku pre vzhľad)</description>
      </element>    
    </action>
    <action id="02" type="COPYFILE" file="resources/language/English/strings.po" caption=""></action>
    <action id="03" type="COPYFILE" file="resources/language/Slovak/strings.po" caption=""></action>
    <action id="04" type="COPYFILE" file="resources/settings.xml" caption=""></action>  
  </patch>
</addon>