<?xml version="1.0" encoding="UTF-8" standalone="yes"?>
<addon id="script.skin.helper.skinbackup" name="Skin Helper Service Skin Backup" patch="2.0.0">
	<patch id="01" versions="1.0.12:1.0.19">
    	<action id="01" type="COPYFILE" file="resources/language/resource.language.sk_sk/strings.po"></action>
    	<action id="02" type="XMLUPDATE" file="addon.xml">
      		<element xpath="./extension[@point='xbmc.addon.metadata']">
        		<summary lang="sk">Pomocná služba pre vzhľady Kodi</summary>
				<description lang="sk">Pomocná služba pre vzhľady Kodi určená na zálohu a obnovu nastavení vzhľadu.</description>
				<disclaimer lang="sk" />  
      		</element>    
    	</action>  
  	</patch>
</addon>