<?xml version="1.0" encoding="UTF-8" standalone="yes"?>
<addon id="metadata.tvshows.themoviedb.org" name="The Movie Database" patch="3.0.12">
  <patch id="01" versions="3.1.0">
    <action id="01" type="COPYFILE" file="resources/language/Slovak/strings.po" source="resources/language/resource.language.sk_sk/strings.po"></action>
    <action id="02" type="XMLUPDATE" file="addon.xml">
      <element xpath="./extension[@point='xbmc.addon.metadata']">
        <summary lang="sk">Sťahovač seriálových metadát z TMDB</summary>
        <description lang="sk">themoviedb.org je voľná a otvorená databáza filmov. Je výlučne vedená užívateľmi ako si ty. TMDb je každý mesiac používaná miliónmi ľudí, a vďaka svojmu výkonnému API je veľmi populárna medzi 'media centrami' ako Kodi pre sťahovanie filmových metadát, plagátov a fanartov pre obohatenie  zážitkov.</description>
      </element>
    </action>
    <action id="03" type="COPYFILE" file="resources/settings.xml"></action>
  </patch>
  <patch id="02" versions="3.1.1:3.1.4">
    <references>
      <file hash="e627292dfc98c095f4d734fe01f7f8e5">resources/language/resource.language.en_gb/strings.po</file>
      <file hash="b6ed43f0fb4dddd357b47dc367b1d0b4|d30a3710e2d2b43fc1cf05eb2f02033b">resources/settings.xml</file>
    </references>
    <action id="01" type="COPYFILE" file="resources/language/resource.language.sk_sk/strings.po"></action>
    <action id="02" type="XMLUPDATE" file="addon.xml">
      <element xpath="./extension[@point='xbmc.addon.metadata']">
        <summary lang="sk_SK">Sťahovač seriálových metadát z TMDB</summary>
        <description lang="sk_SK">themoviedb.org je voľná a otvorená databáza filmov. Je výlučne vedená užívateľmi ako si ty. TMDb je každý mesiac používaná miliónmi ľudí, a vďaka svojmu výkonnému API je veľmi populárna medzi 'media centrami' ako Kodi pre sťahovanie filmových metadát, plagátov a fanartov pre obohatenie  zážitkov.</description>
      </element>
    </action>
    <action id="03" type="COPYFILE" file="resources/settings.xml"></action>
  </patch>
  <patch id="03" versions="3.2.0:3.5.2">
    <references>
      <file hash="f434dc66d0014ded7e67b76ffc60ce4a">resources/language/resource.language.en_gb/strings.po</file>
    </references>
    <action id="01" type="COPYFILE" file="resources/language/resource.language.sk_sk/strings.po"></action>
    <action id="02" type="XMLUPDATE" file="addon.xml">
      <element xpath="./extension[@point='xbmc.addon.metadata']">
        <summary lang="sk_SK">Sťahovač seriálových metadát z TMDB</summary>
        <description lang="sk_SK">themoviedb.org je voľná a otvorená databáza filmov. Je výlučne vedená užívateľmi ako si ty. TMDb je každý mesiac používaná miliónmi ľudí, a vďaka svojmu výkonnému API je veľmi populárna medzi 'media centrami' ako Kodi pre sťahovanie filmových metadát, plagátov a fanartov pre obohatenie  zážitkov.</description>
      </element>
    </action>
  </patch>
</addon>