<?xml version="1.0" encoding="UTF-8" standalone="yes"?>
<addon id="script.skin.helper.colorpicker">
  <patch versions = "1.0.11:1.0.12">
    <action id="01" type="COPYFILE" file="resources/language/resource.language.sk_sk/strings.po"></action>
    <action id="02" type="XMLUPDATE" file="addon.xml">
      <element xpath="./extension[@point='xbmc.addon.metadata']">
        <summary lang="sk">Volič farieb pre vzhľady Kodi. Ju súčasťou balíka Skin Helper Suite</summary>
        <description lang="sk">Volič farieb pre vzhľady Kodi. Ju súčasťou balíka Skin Helper Suite</description>
      </element>    
    </action>  
  </patch>
</addon>