<?xml version="1.0" encoding="UTF-8" standalone="yes"?>
<addon id="service.library.data.provider">
  <patch versions = "0.3.2">
    <action id="01" type="COPYFILE" file="resources/language/resource.language.sk_sk/strings.po"></action>
    <action id="02" type="XMLUPDATE" file="addon.xml">
      <element xpath="./extension[@point='xbmc.addon.metadata']">
        <summary lang="sk">Prehliadanie filmov a epizód seriálov prostredníctvom rôzne zoradených zoznamov.</summary>
		  <description lang="sk">Modul pre vzhľady poskytujúci údaje z knižnice. Taktiež môže byť použitý ako samostatný doplnok pre prehliadanie zoznamov video knižnice.</description>
		  <disclaimer lang="sk" />  
      </element>    
    </action>  
  </patch>
</addon>