<?xml version="1.0" encoding="UTF-8" standalone="yes"?>
<addon id="script.skin.helper.service" name="Skin Helper Service" patch="2.0.0">
  <patch id="01" versions="1.1.3:1.1.23">
    <action id="01" type="COPYFILE" file="resources/language/resource.language.sk_sk/strings.po"></action>
    <action id="02" type="COPYFILE" file="resources/language/resource.language.en_gb/strings.po"></action>
    <action id="03" type="XMLUPDATE" file="addon.xml">
      <element xpath="./extension[@point='xbmc.addon.metadata']">
        <summary lang="sk">Pomocná služba pre Kodi vzhľady</summary>
        <description lang="sk">Pomocná služba pre Kodi vzhľady</description>
      </element>    
    </action>  
  </patch>
  <patch id="02" versions="1.1.24">
    <action id="01" type="COPYFILE" file="resources/language/resource.language.sk_sk/strings.po"></action>
    <action id="02" type="XMLUPDATE" file="addon.xml">
      <element xpath="./extension[@point='xbmc.addon.metadata']">
        <summary lang="sk">Pomocná služba pre Kodi vzhľady</summary>
        <description lang="sk">Pomocná služba pre Kodi vzhľady</description>
      </element>
    </action>
  </patch>
</addon>