<?xml version="1.0" encoding="UTF-8" standalone="yes"?>
<addon id="script.embuary.info" name="Embuary Info" patch="2.0.0">
  <patch id="01" versions="1.0.10:1.0.12">
    <action id="01" type="XMLUPDATE" file="addon.xml" caption="">
      <element xpath="./extension[@point='xbmc.addon.metadata']">
        <summary lang="sk_SK">Embuary Info Script</summary>
        <description lang="sk_SK">Pomocný skript pre vzhľady. Poskytuje informácie z TheMovieDB o osobách, seriáloch a filmoch.</description>
      </element>    
    </action>
    <action id="02" type="COPYFILE" file="resources/language/resource.language.sk_sk/strings.po"></action>
    <action id="03" type="COPYFILE" file="resources/settings.xml" caption=""></action>
  </patch>
  <patch id="02" versions="1.0.13:9.9.99"></patch>
</addon>