<?xml version="1.0" encoding="UTF-8" standalone="yes"?>
<addon id="resource.language.sk_sk" name="Slovak" patch="3.0.10">
  <patch id="01" versions="9.0.10:9.0.20">
    <action id="01" type="COPYFILE" file="resources/strings.po"></action>
    <action id="02" type="XMLUPDATE" file="addon.xml">
      <element xpath="./extension[@point='kodi.addon.metadata']">
        <summary lang="sk">Slovenský jazyk</summary> 
        <description lang="sk">Slovenská verzia všetkých textov v KODI</description> 
      </element>    
    </action>
  </patch>
</addon>