<?xml version="1.0" encoding="UTF-8" standalone="yes"?>
<addon id="metadata.tvdb.com" name="The TVDB" patch="3.0.7">
  <patch id="01" versions="3.0.14">
    <action id="01" type="COPYFILE" file="resources/language/Slovak/strings.po" source="resources/language/resource.language.sk_sk/strings.po"></action>
    <action id="02" type="COPYFILE" file="resources/settings.xml"></action>
    <action id="03" type="XMLUPDATE" file="addon.xml">
      <element xpath="./extension[@point='xbmc.addon.metadata']">
        <summary lang="sk">Sťahovač metadát o televíznych reláciách zo stránky TheTVDB.com</summary>
        <description lang="sk">TheTVDB.com je zdroj získavania dát ohľadom TV. Táto stránka je obrovskou otvorenou databázou, ktorú môže upravovať ktokoľvek a obsahuje úplné metadáta pre mnoho relácií v rôznych jazykoch. Všetok obsah a obrázky na stránke bol dodaný samotnými používateľmi pre ďalších používateľov a udržuje si vysoký štandard a kvalitu. Schéma databázy a webová stránka sú dostupné vo forme open source v súlade s licenciou GPL.</description>
      </element>
    </action>
  </patch>
  <patch id="02" versions="3.2.3:3.2.7">
    <references>
      <file hash="8f934673310bb4ac2c7f0c9b5401a11a">resources/language/resource.language.en_gb/strings.po</file>
      <file hash="dd92840d58cf49b659186c6e7efa5065|87074af1eda86836e9ebcde49c8c107f">resources/settings.xml</file>
    </references>
    <action id="01" type="COPYFILE" file="resources/language/resource.language.sk_sk/strings.po"></action>
    <action id="02" type="COPYFILE" file="resources/settings.xml"></action>
    <action id="03" type="XMLUPDATE" file="addon.xml">
      <element xpath="./extension[@point='xbmc.addon.metadata']">
        <summary lang="sk_SK">Sťahovač metadát o televíznych reláciách zo stránky TheTVDB.com</summary>
        <description lang="sk_SK">TheTVDB.com je zdroj získavania dát ohľadom TV. Táto stránka je obrovskou otvorenou databázou, ktorú môže upravovať ktokoľvek a obsahuje úplné metadáta pre mnoho relácií v rôznych jazykoch. Všetok obsah a obrázky na stránke bol dodaný samotnými používateľmi pre ďalších používateľov a udržuje si vysoký štandard a kvalitu. Schéma databázy a webová stránka sú dostupné vo forme open source v súlade s licenciou GPL.</description>
      </element>
    </action>
  </patch>
  <patch id="03" versions="3.2.8">
    <references>
      <file hash="8f934673310bb4ac2c7f0c9b5401a11a">resources/language/resource.language.en_gb/strings.po</file>
      <file hash="8209b1d149b795622638290a07cb108f|c64203a2da8bc28018265e89c91d1909">resources/settings.xml</file>
    </references>
    <action id="01" type="COPYFILE" file="resources/3_2_8/language/resource.language.sk_sk/strings.po"></action>
    <action id="02" type="COPYFILE" file="resources/3_2_8/settings.xml"></action>
    <action id="03" type="XMLUPDATE" file="addon.xml">
      <element xpath="./extension[@point='xbmc.addon.metadata']">
        <summary lang="sk_SK">Sťahovač metadát o televíznych reláciách zo stránky TheTVDB.com</summary>
        <description lang="sk_SK">TheTVDB.com je zdroj získavania dát ohľadom TV. Táto stránka je obrovskou otvorenou databázou, ktorú môže upravovať ktokoľvek a obsahuje úplné metadáta pre mnoho relácií v rôznych jazykoch. Všetok obsah a obrázky na stránke bol dodaný samotnými používateľmi pre ďalších používateľov a udržuje si vysoký štandard a kvalitu. Schéma databázy a webová stránka sú dostupné vo forme open source v súlade s licenciou GPL.</description>
      </element>
    </action>
  </patch>
</addon>