<?xml version="1.0" encoding="UTF-8" standalone="yes"?>
<addon id="metadata.themoviedb.org" name="The Movie Database" patch="3.0.14">
  <patch id="01" versions="5.1.5:5.1.11">
    <references>
      <file hash="e0bc6798676879e61502ec0d57f3be83">resources/language/resource.language.en_gb/strings.po</file>
      <file hash="100b8fa4b9df6e04e01b3d473209f39b|843df19d84da1150e860dae5cbaa228d|567cb968639e0d2b6497aa29bc7ad478|4324bff97be54950065edaf6fe8b54c4">resources/settings.xml</file>
    </references>
    <action id="01" type="COPYFILE" file="resources/language/resource.language.sk_sk/strings.po"></action>
    <action id="02" type="XMLUPDATE" file="addon.xml">
      <element xpath="./extension[@point='xbmc.addon.metadata']">
        <summary lang="sk_SK">Sťahovač filmových metadát z TMDB</summary>
        <description lang="sk_SK">themoviedb.org je voľná a otvorená databáza filmov. Je výlučne vedená užívateľmi ako si ty. TMDb je každý mesiac používaná miliónmi ľudí, a vďaka svojmu výkonnému API je veľmi populárna medzi 'media centrami' ako Kodi pre sťahovanie filmových metadát, plagátov a fanartov pre obohatenie  zážitkov.</description>
      </element>
    </action>
    <action id="03" type="COPYFILE" file="resources/settings.xml"></action>
  </patch>
</addon>