<?xml version="1.0" encoding="UTF-8" standalone="yes"?>
<addon id="plugin.program.autocompletion" name="AutoCompletion for virtual keyboard" patch="2.0.0">
  <patch id="01" versions="1.0.1">
    <references>
      <file hash="1f6adae0b8a2e26ee0875b72c370f817">resources/language/English/strings.po</file>
      <file hash="a1596e77e423ee72177ded641b845957">resources/settings.xml</file>
    </references>
    <action id="01" type="COPYFILE" file="resources/language/Slovak/strings.po"></action>
    <action id="02" type="COPYFILE" file="resources/settings.xml"></action>
    <action id="03" type="XMLUPDATE" file="addon.xml">
      <element xpath="./extension[@point='xbmc.addon.metadata']">
        <summary lang="sk">Automatické dokončovanie pre virtuálnu klávesnicu (vyžaduje podporu vo vzhľade)</summary>
        <description lang="sk">Automatické dokončovanie pre virtuálnu klávesnicu (vyžaduje podporu vo vzhľade)</description>
      </element>    
    </action>
  </patch>
</addon>