<?xml version="1.0" encoding="UTF-8" standalone="yes"?>
<addon id="script.globalsearch" name="Global Search" patch="2.0.0">
  <patch id="01" versions="8.0.11">
    <action id="01" type="COPYFILE" file="resources/language/resource.language.sk_SK/strings.po"></action>
    <action id="02" type="XMLUPDATE" file="addon.xml">
      <element xpath="./extension[@point='xbmc.addon.metadata']">
        <summary lang="sk_SK">Vyhľadávanie vo vašej knižnici</summary>
        <description lang="sk_SK">Tento doplnok dokáže vyhľadať akúkoľvek položku vo vašej knižnici videí a hudby.</description>
      </element>    
    </action>
  </patch>
</addon>